name,image,id,artist_name,danceability,energy,key,loudness,mode,speechiness,acousticness,instrumentalness,liveness,valence,tempo,type,uri,track_href,analysis_url,duration_ms,time_signature
Tomorrow's Dust,https://i.scdn.co/image/ab67616d0000b27358267bd34420a00d5cf83a49,666PdikRnUzdvjT9p5wWND,Tame Impala,0.616,0.804,0,-5.568,1,0.0427,0.0124,0.0998,0.553,0.627,99.002,audio_features,spotify:track:666PdikRnUzdvjT9p5wWND,https://api.spotify.com/v1/tracks/666PdikRnUzdvjT9p5wWND,https://api.spotify.com/v1/audio-analysis/666PdikRnUzdvjT9p5wWND,326840,4
Capricorn,https://i.scdn.co/image/ab67616d0000b273c54a20fa159b62a804a54d9e,2tKqhcDNVVKXJqllKzrecM,Vampire Weekend,0.563,0.644,7,-3.889,1,0.0318,0.159,0.000311,0.118,0.525,140.022,audio_features,spotify:track:2tKqhcDNVVKXJqllKzrecM,https://api.spotify.com/v1/tracks/2tKqhcDNVVKXJqllKzrecM,https://api.spotify.com/v1/audio-analysis/2tKqhcDNVVKXJqllKzrecM,249560,4
My Girls,https://i.scdn.co/image/ab67616d0000b273a7f85f2df08fbeb6dac5677c,7jZBPuJmkOsfPkwFD30dAA,Animal Collective,0.508,0.953,4,-6.031,0,0.0806,0.256,0.0445,0.929,0.555,119.973,audio_features,spotify:track:7jZBPuJmkOsfPkwFD30dAA,https://api.spotify.com/v1/tracks/7jZBPuJmkOsfPkwFD30dAA,https://api.spotify.com/v1/audio-analysis/7jZBPuJmkOsfPkwFD30dAA,340787,4
"Fantasie In F Minor, Op. 103, D. 940",https://i.scdn.co/image/ab67616d0000b273779b60ced045bfc2595628bf,2YTsPf5ejzVQzAujHlA0Gk,Franz Schubert,0.394,0.106,1,-22.522,1,0.0433,0.991,0.873,0.0875,0.121,117.933,audio_features,spotify:track:2YTsPf5ejzVQzAujHlA0Gk,https://api.spotify.com/v1/tracks/2YTsPf5ejzVQzAujHlA0Gk,https://api.spotify.com/v1/audio-analysis/2YTsPf5ejzVQzAujHlA0Gk,1027907,4
Waters of Nazareth x We Are your Friends x Phantom 2 (WWW),https://i.scdn.co/image/ab67616d0000b27314a99b6cf89499f1c4ca200c,0sibHAYzpx9FJRrGRr137u,Justice,0.372,0.766,7,-5.23,1,0.0757,0.00459,0.000841,0.155,0.151,124.248,audio_features,spotify:track:0sibHAYzpx9FJRrGRr137u,https://api.spotify.com/v1/tracks/0sibHAYzpx9FJRrGRr137u,https://api.spotify.com/v1/audio-analysis/0sibHAYzpx9FJRrGRr137u,391782,4
Brother Sport,https://i.scdn.co/image/ab67616d0000b273a7f85f2df08fbeb6dac5677c,3l0ya5dJI7xnPi3k18mRqa,Animal Collective,0.514,0.977,6,-5.154,1,0.154,0.289,0.0105,0.0707,0.435,132.858,audio_features,spotify:track:3l0ya5dJI7xnPi3k18mRqa,https://api.spotify.com/v1/tracks/3l0ya5dJI7xnPi3k18mRqa,https://api.spotify.com/v1/audio-analysis/3l0ya5dJI7xnPi3k18mRqa,359027,4
Only I Will Remain,https://i.scdn.co/image/ab67616d0000b273166adc280da684b1d54f4126,6yLQmfQLDGtUYHG34W0FcH,Hans Zimmer,0.164,0.0371,11,-22.716,0,0.0346,0.578,0.855,0.115,0.0322,79.975,audio_features,spotify:track:6yLQmfQLDGtUYHG34W0FcH,https://api.spotify.com/v1/tracks/6yLQmfQLDGtUYHG34W0FcH,https://api.spotify.com/v1/audio-analysis/6yLQmfQLDGtUYHG34W0FcH,404360,3
Pink Matter,https://i.scdn.co/image/ab67616d0000b2737aede4855f6d0d738012e2e5,1fOkmYW3ZFkkjIdOZSf596,Frank Ocean,0.392,0.233,11,-11.012,0,0.0587,0.951,0.000322,0.106,0.494,176.569,audio_features,spotify:track:1fOkmYW3ZFkkjIdOZSf596,https://api.spotify.com/v1/tracks/1fOkmYW3ZFkkjIdOZSf596,https://api.spotify.com/v1/audio-analysis/1fOkmYW3ZFkkjIdOZSf596,268813,3
Musique,https://i.scdn.co/image/ab67616d0000b2736421924f3ad8bcb91b14889e,3J7V8Wg2wqqCM3tfpBoSne,France Gall,0.589,0.899,7,-5.902,1,0.0824,0.658,0.00664,0.0631,0.674,103.923,audio_features,spotify:track:3J7V8Wg2wqqCM3tfpBoSne,https://api.spotify.com/v1/tracks/3J7V8Wg2wqqCM3tfpBoSne,https://api.spotify.com/v1/audio-analysis/3J7V8Wg2wqqCM3tfpBoSne,253027,4
In The Flowers,https://i.scdn.co/image/ab67616d0000b273a7f85f2df08fbeb6dac5677c,3uqDfaiaOk3ZdxZUOqqQa9,Animal Collective,0.224,0.753,0,-8.164,1,0.0943,0.0713,0.116,0.404,0.482,110.805,audio_features,spotify:track:3uqDfaiaOk3ZdxZUOqqQa9,https://api.spotify.com/v1/tracks/3uqDfaiaOk3ZdxZUOqqQa9,https://api.spotify.com/v1/audio-analysis/3uqDfaiaOk3ZdxZUOqqQa9,322027,3
Keep On Lying,https://i.scdn.co/image/ab67616d0000b273370c12f82872c9cfaee80193,2UYHP0RQqPFvue0Ygs5Amm,Tame Impala,0.485,0.814,0,-4.894,0,0.0356,0.0783,0.0128,0.273,0.658,123.997,audio_features,spotify:track:2UYHP0RQqPFvue0Ygs5Amm,https://api.spotify.com/v1/tracks/2UYHP0RQqPFvue0Ygs5Amm,https://api.spotify.com/v1/audio-analysis/2UYHP0RQqPFvue0Ygs5Amm,353933,4
Summertime Clothes,https://i.scdn.co/image/ab67616d0000b273a7f85f2df08fbeb6dac5677c,26JkaeeVVIPLquHEsf7YJd,Animal Collective,0.491,0.871,4,-5.564,1,0.0969,0.00164,0.0,0.361,0.322,135.996,audio_features,spotify:track:26JkaeeVVIPLquHEsf7YJd,https://api.spotify.com/v1/tracks/26JkaeeVVIPLquHEsf7YJd,https://api.spotify.com/v1/audio-analysis/26JkaeeVVIPLquHEsf7YJd,274213,4
Good Girl,https://i.scdn.co/image/ab67616d0000b273e734dcbdff57bb5e81f7cd19,7eCyu8EKSTT7GaXI9IVHrF,Jockstrap,0.671,0.871,8,-4.478,1,0.0335,0.0363,0.441,0.0742,0.115,119.992,audio_features,spotify:track:7eCyu8EKSTT7GaXI9IVHrF,https://api.spotify.com/v1/tracks/7eCyu8EKSTT7GaXI9IVHrF,https://api.spotify.com/v1/audio-analysis/7eCyu8EKSTT7GaXI9IVHrF,242363,3
Saturnine,https://i.scdn.co/image/ab67616d0000b27305289cb66dee341e682f010c,2oEzHtai43VJ8KMrWjb8ft,Justice,0.435,0.324,5,-9.937,1,0.306,0.00591,0.0,0.574,0.653,190.481,audio_features,spotify:track:2oEzHtai43VJ8KMrWjb8ft,https://api.spotify.com/v1/tracks/2oEzHtai43VJ8KMrWjb8ft,https://api.spotify.com/v1/audio-analysis/2oEzHtai43VJ8KMrWjb8ft,201533,4
Prep-School Gangsters,https://i.scdn.co/image/ab67616d0000b2731f4e2d002b9d1920339a5109,0NiaHPlgDp7081zSqXuULS,Vampire Weekend,0.711,0.662,10,-3.843,1,0.0262,0.34,0.00774,0.434,0.279,121.105,audio_features,spotify:track:0NiaHPlgDp7081zSqXuULS,https://api.spotify.com/v1/tracks/0NiaHPlgDp7081zSqXuULS,https://api.spotify.com/v1/audio-analysis/0NiaHPlgDp7081zSqXuULS,228547,4
Idontknow,https://i.scdn.co/image/ab67616d0000b273df82bf71a2406f123a417221,7nSBHckG4tTFkp0xqNZDs5,Jamie xx,0.506,0.714,10,-7.802,0,0.291,0.513,0.871,0.053,0.719,160.065,audio_features,spotify:track:7nSBHckG4tTFkp0xqNZDs5,https://api.spotify.com/v1/tracks/7nSBHckG4tTFkp0xqNZDs5,https://api.spotify.com/v1/audio-analysis/7nSBHckG4tTFkp0xqNZDs5,321503,4
I've Been In Love,https://i.scdn.co/image/ab67616d0000b27377619f14cb03e11baf5761d1,7j3zZ2jAjzFD60UjhldhHo,Jungle,0.679,0.506,9,-9.497,0,0.0671,0.421,0.00216,0.434,0.588,114.967,audio_features,spotify:track:7j3zZ2jAjzFD60UjhldhHo,https://api.spotify.com/v1/tracks/7j3zZ2jAjzFD60UjhldhHo,https://api.spotify.com/v1/audio-analysis/7j3zZ2jAjzFD60UjhldhHo,169472,4
OUT WEST (feat. Young Thug),https://i.scdn.co/image/ab67616d0000b273dfc2f59568272de50a257f2f,6gi6y1xwmVszDWkUqab1qw,JACKBOYS,0.802,0.591,8,-4.895,1,0.225,0.0104,0.0,0.196,0.309,139.864,audio_features,spotify:track:6gi6y1xwmVszDWkUqab1qw,https://api.spotify.com/v1/tracks/6gi6y1xwmVszDWkUqab1qw,https://api.spotify.com/v1/audio-analysis/6gi6y1xwmVszDWkUqab1qw,157712,4
Posthumous Forgiveness,https://i.scdn.co/image/ab67616d0000b27358267bd34420a00d5cf83a49,1KcOU0q9AMXV9xi4tSzzCc,Tame Impala,0.367,0.613,7,-5.646,1,0.0297,0.0508,0.00171,0.282,0.0966,153.978,audio_features,spotify:track:1KcOU0q9AMXV9xi4tSzzCc,https://api.spotify.com/v1/tracks/1KcOU0q9AMXV9xi4tSzzCc,https://api.spotify.com/v1/audio-analysis/1KcOU0q9AMXV9xi4tSzzCc,366067,4
Chorus (WWW),https://i.scdn.co/image/ab67616d0000b27314a99b6cf89499f1c4ca200c,3DRcwunruhHB26AHT2jekM,Justice,0.438,0.772,4,-7.665,1,0.045,0.000503,0.855,0.0847,0.154,152.0,audio_features,spotify:track:3DRcwunruhHB26AHT2jekM,https://api.spotify.com/v1/tracks/3DRcwunruhHB26AHT2jekM,https://api.spotify.com/v1/audio-analysis/3DRcwunruhHB26AHT2jekM,364964,4
Playground Love,https://i.scdn.co/image/ab67616d0000b2735e3c18f342d16b0b4df04df2,052z2UsE2wPrHsBJ9tly0g,Air,0.33,0.423,7,-10.504,0,0.0279,0.265,0.731,0.347,0.117,143.086,audio_features,spotify:track:052z2UsE2wPrHsBJ9tly0g,https://api.spotify.com/v1/tracks/052z2UsE2wPrHsBJ9tly0g,https://api.spotify.com/v1/audio-analysis/052z2UsE2wPrHsBJ9tly0g,211500,4
Randy (WWW),https://i.scdn.co/image/ab67616d0000b27314a99b6cf89499f1c4ca200c,4hYuIP1OPSnraNSWUlgKaT,Justice,0.329,0.683,9,-7.01,0,0.0502,0.0122,0.0597,0.645,0.399,113.83,audio_features,spotify:track:4hYuIP1OPSnraNSWUlgKaT,https://api.spotify.com/v1/tracks/4hYuIP1OPSnraNSWUlgKaT,https://api.spotify.com/v1/audio-analysis/4hYuIP1OPSnraNSWUlgKaT,453706,4
D.A.N.C.E. x Fire x Safe and Sound (WWW),https://i.scdn.co/image/ab67616d0000b27314a99b6cf89499f1c4ca200c,2BbUJuG2a06CQntBvL1B2T,Justice,0.412,0.903,4,-5.955,1,0.0749,0.00547,8.61e-05,0.384,0.106,121.08,audio_features,spotify:track:2BbUJuG2a06CQntBvL1B2T,https://api.spotify.com/v1/tracks/2BbUJuG2a06CQntBvL1B2T,https://api.spotify.com/v1/audio-analysis/2BbUJuG2a06CQntBvL1B2T,382765,4
The Shoe Fits,https://i.scdn.co/image/ab67616d0000b273d329886e89e51420478f4751,3z91ibrazNnusM2nSVY2NR,Drake,0.454,0.767,4,-6.834,0,0.317,0.286,0.0,0.315,0.682,76.01,audio_features,spotify:track:3z91ibrazNnusM2nSVY2NR,https://api.spotify.com/v1/tracks/3z91ibrazNnusM2nSVY2NR,https://api.spotify.com/v1/audio-analysis/3z91ibrazNnusM2nSVY2NR,374026,4
High Together,https://i.scdn.co/image/ab67616d0000b273cd76e8361e4bd8ab264f106d,3wCO2c5IS6yqbBJzmCuimC,Siriusmo,0.652,0.879,7,-6.664,0,0.112,0.066,0.5,0.399,0.379,116.001,audio_features,spotify:track:3wCO2c5IS6yqbBJzmCuimC,https://api.spotify.com/v1/tracks/3wCO2c5IS6yqbBJzmCuimC,https://api.spotify.com/v1/audio-analysis/3wCO2c5IS6yqbBJzmCuimC,250360,4
Concrete Over Water,https://i.scdn.co/image/ab67616d0000b27342d0304232c61d1530b40ca1,4yBkKSNDihdHWcFQuSRkKV,Jockstrap,0.318,0.375,1,-7.357,0,0.036,0.748,0.00132,0.42,0.0455,140.211,audio_features,spotify:track:4yBkKSNDihdHWcFQuSRkKV,https://api.spotify.com/v1/tracks/4yBkKSNDihdHWcFQuSRkKV,https://api.spotify.com/v1/audio-analysis/4yBkKSNDihdHWcFQuSRkKV,369880,4
Safe and Sound (WWW),https://i.scdn.co/image/ab67616d0000b27314a99b6cf89499f1c4ca200c,2OPmeyf31LlcIpYcJ4aegt,Justice,0.512,0.835,11,-6.493,1,0.0701,0.025,0.00243,0.669,0.242,116.993,audio_features,spotify:track:2OPmeyf31LlcIpYcJ4aegt,https://api.spotify.com/v1/tracks/2OPmeyf31LlcIpYcJ4aegt,https://api.spotify.com/v1/audio-analysis/2OPmeyf31LlcIpYcJ4aegt,452105,4
Arrival,https://i.scdn.co/image/ab67616d0000b273166adc280da684b1d54f4126,2w2kbuV4jYHtT922M0q2Pj,Hans Zimmer,0.384,0.218,3,-18.356,1,0.0361,0.00848,0.759,0.113,0.338,107.502,audio_features,spotify:track:2w2kbuV4jYHtT922M0q2Pj,https://api.spotify.com/v1/tracks/2w2kbuV4jYHtT922M0q2Pj,https://api.spotify.com/v1/audio-analysis/2w2kbuV4jYHtT922M0q2Pj,100915,4
Paul's Dream,https://i.scdn.co/image/ab67616d0000b2734a9cb923dba2bba347ddb365,1Qr17u2S9kNDzTeWAJCY5N,Hans Zimmer,0.184,0.222,7,-12.428,1,0.0391,0.00494,0.776,0.093,0.0356,114.592,audio_features,spotify:track:1Qr17u2S9kNDzTeWAJCY5N,https://api.spotify.com/v1/tracks/1Qr17u2S9kNDzTeWAJCY5N,https://api.spotify.com/v1/audio-analysis/1Qr17u2S9kNDzTeWAJCY5N,423310,3
WHAT TO DO? (feat. Don Toliver),https://i.scdn.co/image/ab67616d0000b273dfc2f59568272de50a257f2f,4AO1XhrgJczQ9bNVxdfKQe,JACKBOYS,0.643,0.594,9,-5.191,0,0.0312,0.0695,1.46e-05,0.115,0.195,118.037,audio_features,spotify:track:4AO1XhrgJczQ9bNVxdfKQe,https://api.spotify.com/v1/tracks/4AO1XhrgJczQ9bNVxdfKQe,https://api.spotify.com/v1/audio-analysis/4AO1XhrgJczQ9bNVxdfKQe,250142,4
leavemealone,https://i.scdn.co/image/ab67616d0000b273c9049966d5a1c1954ae98480,1MVqeIAwhD4T44AKVkIfic,Fred again..,0.682,0.882,0,-4.5,1,0.0543,0.00521,0.0194,0.571,0.103,174.052,audio_features,spotify:track:1MVqeIAwhD4T44AKVkIfic,https://api.spotify.com/v1/tracks/1MVqeIAwhD4T44AKVkIfic,https://api.spotify.com/v1/audio-analysis/1MVqeIAwhD4T44AKVkIfic,222784,4
Generator,https://i.scdn.co/image/ab67616d0000b2734e18be1213cef256db8766da,4ZVTe0Pn5sjcFu71Oel0i0,Justice,0.515,0.62,1,-9.749,1,0.122,0.000298,0.835,0.279,0.417,112.022,audio_features,spotify:track:4ZVTe0Pn5sjcFu71Oel0i0,https://api.spotify.com/v1/tracks/4ZVTe0Pn5sjcFu71Oel0i0,https://api.spotify.com/v1/audio-analysis/4ZVTe0Pn5sjcFu71Oel0i0,282747,4
Apocalypse Dreams,https://i.scdn.co/image/ab67616d0000b273370c12f82872c9cfaee80193,7qU7vhCPKhkDiJYGoboISc,Tame Impala,0.496,0.929,8,-2.279,1,0.0503,0.249,0.131,0.0677,0.267,127.998,audio_features,spotify:track:7qU7vhCPKhkDiJYGoboISc,https://api.spotify.com/v1/tracks/7qU7vhCPKhkDiJYGoboISc,https://api.spotify.com/v1/audio-analysis/7qU7vhCPKhkDiJYGoboISc,356947,4
Poem Of Dead Song,https://i.scdn.co/image/ab67616d0000b273b50c687dcb08a9d854880eb8,0iydK1X00Knz6XRd3jDSFl,Broadcast,0.428,0.536,5,-10.012,0,0.0296,0.226,0.85,0.365,0.464,110.089,audio_features,spotify:track:0iydK1X00Knz6XRd3jDSFl,https://api.spotify.com/v1/tracks/0iydK1X00Knz6XRd3jDSFl,https://api.spotify.com/v1/audio-analysis/0iydK1X00Knz6XRd3jDSFl,151800,3
Cheerleader,https://i.scdn.co/image/ab67616d0000b273aaa83532a319c37f1fb4180c,131vswZNMvVQEvNJdLCQfD,Grizzly Bear,0.669,0.393,6,-11.19,1,0.0311,0.4,0.845,0.613,0.572,96.417,audio_features,spotify:track:131vswZNMvVQEvNJdLCQfD,https://api.spotify.com/v1/tracks/131vswZNMvVQEvNJdLCQfD,https://api.spotify.com/v1/audio-analysis/131vswZNMvVQEvNJdLCQfD,294467,4
D.A.N.C.E. (WWW),https://i.scdn.co/image/ab67616d0000b27314a99b6cf89499f1c4ca200c,0LpnNgvF6z5HJYAgLClfMB,Justice,0.58,0.782,6,-5.951,0,0.0323,0.0613,3.37e-06,0.672,0.274,115.002,audio_features,spotify:track:0LpnNgvF6z5HJYAgLClfMB,https://api.spotify.com/v1/tracks/0LpnNgvF6z5HJYAgLClfMB,https://api.spotify.com/v1/audio-analysis/0LpnNgvF6z5HJYAgLClfMB,196198,4
Let's Make Love and Listen to Death From Above,https://i.scdn.co/image/ab67616d0000b273cc173d5f27bfd015bcc98d01,1Jd9W7k8DTnBSovDSxK77n,CSS,0.699,0.784,10,-5.205,0,0.0329,0.0726,0.00735,0.192,0.702,119.987,audio_features,spotify:track:1Jd9W7k8DTnBSovDSxK77n,https://api.spotify.com/v1/tracks/1Jd9W7k8DTnBSovDSxK77n,https://api.spotify.com/v1/audio-analysis/1Jd9W7k8DTnBSovDSxK77n,211183,4
n.h.i.e.,https://i.scdn.co/image/ab67616d0000b273bbdceba2bf1867d4966d0347,6x9pCndnXEoea0CMcfjs9W,21 Savage,0.818,0.512,5,-9.056,0,0.0926,0.093,0.0441,0.11,0.155,131.967,audio_features,spotify:track:6x9pCndnXEoea0CMcfjs9W,https://api.spotify.com/v1/tracks/6x9pCndnXEoea0CMcfjs9W,https://api.spotify.com/v1/audio-analysis/6x9pCndnXEoea0CMcfjs9W,143719,4
Harvester Attack,https://i.scdn.co/image/ab67616d0000b273166adc280da684b1d54f4126,11B6dTrdv0oHCJNkvNLYRp,Hans Zimmer,0.529,0.476,1,-14.919,1,0.05,0.000395,0.624,0.118,0.0969,119.964,audio_features,spotify:track:11B6dTrdv0oHCJNkvNLYRp,https://api.spotify.com/v1/tracks/11B6dTrdv0oHCJNkvNLYRp,https://api.spotify.com/v1/audio-analysis/11B6dTrdv0oHCJNkvNLYRp,220302,4
Myth,https://i.scdn.co/image/ab67616d0000b273bb9f22f4b196fa10308d77a7,2NfxtzCIrpCmJX5Z2KMdD5,Beach House,0.445,0.708,3,-6.268,1,0.0293,0.032,0.0908,0.171,0.414,141.965,audio_features,spotify:track:2NfxtzCIrpCmJX5Z2KMdD5,https://api.spotify.com/v1/tracks/2NfxtzCIrpCmJX5Z2KMdD5,https://api.spotify.com/v1/audio-analysis/2NfxtzCIrpCmJX5Z2KMdD5,258653,4
Let It Happen,https://i.scdn.co/image/ab67616d0000b2739e1cfc756886ac782e363d79,2X485T9Z5Ly0xyaghN73ed,Tame Impala,0.602,0.881,1,-5.875,0,0.0443,0.00462,0.0266,0.111,0.577,125.012,audio_features,spotify:track:2X485T9Z5Ly0xyaghN73ed,https://api.spotify.com/v1/tracks/2X485T9Z5Ly0xyaghN73ed,https://api.spotify.com/v1/audio-analysis/2X485T9Z5Ly0xyaghN73ed,467587,4
"New Person, Same Old Mistakes",https://i.scdn.co/image/ab67616d0000b2739e1cfc756886ac782e363d79,52ojopYMUzeNcudsoz7O9D,Tame Impala,0.47,0.809,8,-6.74,1,0.0495,0.272,0.00671,0.0491,0.49,151.836,audio_features,spotify:track:52ojopYMUzeNcudsoz7O9D,https://api.spotify.com/v1/tracks/52ojopYMUzeNcudsoz7O9D,https://api.spotify.com/v1/audio-analysis/52ojopYMUzeNcudsoz7O9D,363240,4
Foreground,https://i.scdn.co/image/ab67616d0000b273aaa83532a319c37f1fb4180c,4dBfL69e2UtXAJrdAywyOs,Grizzly Bear,0.468,0.225,11,-13.727,0,0.033,0.938,0.138,0.137,0.0912,78.414,audio_features,spotify:track:4dBfL69e2UtXAJrdAywyOs,https://api.spotify.com/v1/tracks/4dBfL69e2UtXAJrdAywyOs,https://api.spotify.com/v1/audio-analysis/4dBfL69e2UtXAJrdAywyOs,215373,4
Guys Eyes,https://i.scdn.co/image/ab67616d0000b273a7f85f2df08fbeb6dac5677c,2XWwjHYGwjo5eXtIwfj2vU,Animal Collective,0.286,0.818,0,-6.245,1,0.157,0.0047,0.000142,0.254,0.667,174.597,audio_features,spotify:track:2XWwjHYGwjo5eXtIwfj2vU,https://api.spotify.com/v1/tracks/2XWwjHYGwjo5eXtIwfj2vU,https://api.spotify.com/v1/audio-analysis/2XWwjHYGwjo5eXtIwfj2vU,270653,3
Mind Mischief,https://i.scdn.co/image/ab67616d0000b273370c12f82872c9cfaee80193,6ewQE1dNPv9qqlnB1CxrvM,Tame Impala,0.25,0.942,6,-3.235,1,0.0545,0.0815,0.00097,0.367,0.822,161.333,audio_features,spotify:track:6ewQE1dNPv9qqlnB1CxrvM,https://api.spotify.com/v1/tracks/6ewQE1dNPv9qqlnB1CxrvM,https://api.spotify.com/v1/audio-analysis/6ewQE1dNPv9qqlnB1CxrvM,271880,4
Hannah Hunt,https://i.scdn.co/image/ab67616d0000b273654afcab578b93f29ca55a29,6AY1M1akbsVaQN3ATVyzH7,Vampire Weekend,0.647,0.31,4,-10.237,1,0.0372,0.705,0.000723,0.1,0.189,103.974,audio_features,spotify:track:6AY1M1akbsVaQN3ATVyzH7,https://api.spotify.com/v1/tracks/6AY1M1akbsVaQN3ATVyzH7,https://api.spotify.com/v1/audio-analysis/6AY1M1akbsVaQN3ATVyzH7,237973,4
Service Bell,https://i.scdn.co/image/ab67616d0000b27331a24d4551dc8bb8af12b2b6,7GRPtCT73RBAAf8hSuJZr0,Grizzly Bear,0.596,0.276,9,-11.732,0,0.0343,0.852,0.254,0.107,0.258,112.952,audio_features,spotify:track:7GRPtCT73RBAAf8hSuJZr0,https://api.spotify.com/v1/tracks/7GRPtCT73RBAAf8hSuJZr0,https://api.spotify.com/v1/audio-analysis/7GRPtCT73RBAAf8hSuJZr0,143440,3
One Night/All Night,https://i.scdn.co/image/ab67616d0000b2734e18be1213cef256db8766da,6tAXrxWNaWpqcu5cCOP7dI,Justice,0.686,0.506,0,-9.352,0,0.179,0.03,0.0414,0.641,0.638,116.139,audio_features,spotify:track:6tAXrxWNaWpqcu5cCOP7dI,https://api.spotify.com/v1/tracks/6tAXrxWNaWpqcu5cCOP7dI,https://api.spotify.com/v1/audio-analysis/6tAXrxWNaWpqcu5cCOP7dI,276067,4
Love S.O.S. (WWW),https://i.scdn.co/image/ab67616d0000b27314a99b6cf89499f1c4ca200c,0oBwbnefM7yniHJPjNrIVK,Justice,0.391,0.753,10,-6.465,1,0.0533,0.0612,0.0,0.663,0.083,121.042,audio_features,spotify:track:0oBwbnefM7yniHJPjNrIVK,https://api.spotify.com/v1/tracks/0oBwbnefM7yniHJPjNrIVK,https://api.spotify.com/v1/audio-analysis/0oBwbnefM7yniHJPjNrIVK,285073,4
I Look to You,https://i.scdn.co/image/ab67616d0000b273b16108afdbe9285b9eaa00e7,4i7HrBTsaocmoNPoifG7Bd,Miami Horror,0.604,0.872,4,-5.023,0,0.103,0.0696,0.0176,0.0484,0.473,118.026,audio_features,spotify:track:4i7HrBTsaocmoNPoifG7Bd,https://api.spotify.com/v1/tracks/4i7HrBTsaocmoNPoifG7Bd,https://api.spotify.com/v1/audio-analysis/4i7HrBTsaocmoNPoifG7Bd,233230,4
Mary Boone,https://i.scdn.co/image/ab67616d0000b2731f4e2d002b9d1920339a5109,6OjwIdLlkjCLuOThOwODEY,Vampire Weekend,0.501,0.65,1,-5.588,1,0.0474,0.0917,0.0434,0.121,0.395,95.461,audio_features,spotify:track:6OjwIdLlkjCLuOThOwODEY,https://api.spotify.com/v1/tracks/6OjwIdLlkjCLuOThOwODEY,https://api.spotify.com/v1/audio-analysis/6OjwIdLlkjCLuOThOwODEY,266027,4
NEW MAGIC WAND,https://i.scdn.co/image/ab67616d0000b2737005885df706891a3c182a57,0fv2KH6hac06J86hBUTcSf,"Tyler, The Creator",0.621,0.73,5,-5.414,0,0.107,0.0967,0.000131,0.673,0.464,139.566,audio_features,spotify:track:0fv2KH6hac06J86hBUTcSf,https://api.spotify.com/v1/tracks/0fv2KH6hac06J86hBUTcSf,https://api.spotify.com/v1/audio-analysis/0fv2KH6hac06J86hBUTcSf,195320,4
Robot Rock / Oh Yeah,https://i.scdn.co/image/ab67616d0000b273673288fb985e5c194536ae27,5eS6pTvDNOvh2kyxeZtK3r,Daft Punk,0.479,0.678,2,-12.17,1,0.0758,0.00018,0.661,0.421,0.227,116.033,audio_features,spotify:track:5eS6pTvDNOvh2kyxeZtK3r,https://api.spotify.com/v1/tracks/5eS6pTvDNOvh2kyxeZtK3r,https://api.spotify.com/v1/audio-analysis/5eS6pTvDNOvh2kyxeZtK3r,387507,4
It's So Good,https://i.scdn.co/image/ab67616d0000b273c3819c103487c339f1e17cce,1Cc00pWEDEDiA4eEv3npjD,Jamie xx,0.833,0.765,5,-9.806,0,0.0406,0.0514,0.609,0.37,0.424,129.996,audio_features,spotify:track:1Cc00pWEDEDiA4eEv3npjD,https://api.spotify.com/v1/tracks/1Cc00pWEDEDiA4eEv3npjD,https://api.spotify.com/v1/audio-analysis/1Cc00pWEDEDiA4eEv3npjD,278519,4
Nights,https://i.scdn.co/image/ab67616d0000b273c5649add07ed3720be9d5526,7eqoqGkKwgOaWNNHx90uEZ,Frank Ocean,0.457,0.551,5,-9.36,0,0.167,0.427,1.15e-06,0.113,0.428,89.87,audio_features,spotify:track:7eqoqGkKwgOaWNNHx90uEZ,https://api.spotify.com/v1/tracks/7eqoqGkKwgOaWNNHx90uEZ,https://api.spotify.com/v1/audio-analysis/7eqoqGkKwgOaWNNHx90uEZ,307151,4
A Time of Quiet Between the Storms,https://i.scdn.co/image/ab67616d0000b273166adc280da684b1d54f4126,7lG5m4JN0exualOkghSNXq,Hans Zimmer,0.0651,0.0654,11,-20.893,0,0.039,0.614,0.453,0.0856,0.0358,70.903,audio_features,spotify:track:7lG5m4JN0exualOkghSNXq,https://api.spotify.com/v1/tracks/7lG5m4JN0exualOkghSNXq,https://api.spotify.com/v1/audio-analysis/7lG5m4JN0exualOkghSNXq,261797,5
Elephant,https://i.scdn.co/image/ab67616d0000b273370c12f82872c9cfaee80193,6qZjm61s6u8Ead9sWxCDro,Tame Impala,0.598,0.553,9,-6.742,0,0.0397,0.562,0.157,0.257,0.533,123.075,audio_features,spotify:track:6qZjm61s6u8Ead9sWxCDro,https://api.spotify.com/v1/tracks/6qZjm61s6u8Ead9sWxCDro,https://api.spotify.com/v1/audio-analysis/6qZjm61s6u8Ead9sWxCDro,211227,4
One More Hour,https://i.scdn.co/image/ab67616d0000b27358267bd34420a00d5cf83a49,0mO6oS60RST2sWmN2FKknP,Tame Impala,0.647,0.398,4,-8.63,1,0.0283,0.108,0.107,0.148,0.32,102.029,audio_features,spotify:track:0mO6oS60RST2sWmN2FKknP,https://api.spotify.com/v1/tracks/0mO6oS60RST2sWmN2FKknP,https://api.spotify.com/v1/audio-analysis/0mO6oS60RST2sWmN2FKknP,432560,4
Le Chat du Caf√© des Artistes,https://i.scdn.co/image/ab67616d0000b2739452b7dd6298a632b7aaa35e,7jiyWF0n7mcUoSJnhxX4dv,Charlotte Gainsbourg,0.518,0.492,1,-9.77,0,0.0269,0.0377,0.781,0.178,0.219,75.095,audio_features,spotify:track:7jiyWF0n7mcUoSJnhxX4dv,https://api.spotify.com/v1/tracks/7jiyWF0n7mcUoSJnhxX4dv,https://api.spotify.com/v1/audio-analysis/7jiyWF0n7mcUoSJnhxX4dv,241654,4
Phantom Pt. II (Live / AAA),https://i.scdn.co/image/ab67616d0000b273ad204ee072a9c368f92a1a45,2bkhalPcYLRlFDnZajszO5,Justice,0.421,0.943,7,-4.649,1,0.127,0.311,0.541,0.926,0.0395,126.965,audio_features,spotify:track:2bkhalPcYLRlFDnZajszO5,https://api.spotify.com/v1/tracks/2bkhalPcYLRlFDnZajszO5,https://api.spotify.com/v1/audio-analysis/2bkhalPcYLRlFDnZajszO5,478809,4
Girl,https://i.scdn.co/image/ab67616d0000b2733b104b3cfcf52e380e90254d,4x94qgTeMEcwj4X1APUnpb,Jamie xx,0.359,0.603,8,-11.608,0,0.347,0.231,0.624,0.197,0.467,101.645,audio_features,spotify:track:4x94qgTeMEcwj4X1APUnpb,https://api.spotify.com/v1/tracks/4x94qgTeMEcwj4X1APUnpb,https://api.spotify.com/v1/audio-analysis/4x94qgTeMEcwj4X1APUnpb,245586,4
MiNt cHoCoLaTe (feat. Conway the Machine),https://i.scdn.co/image/ab67616d0000b273cbc832698382b83191430ecc,6Xa3ZCamaDFWBmxOFoR2n8,1999 WRITE THE FUTURE,0.493,0.508,5,-6.901,0,0.273,0.61,0.0,0.368,0.705,127.852,audio_features,spotify:track:6Xa3ZCamaDFWBmxOFoR2n8,https://api.spotify.com/v1/tracks/6Xa3ZCamaDFWBmxOFoR2n8,https://api.spotify.com/v1/audio-analysis/6Xa3ZCamaDFWBmxOFoR2n8,213641,4
Run,https://i.scdn.co/image/ab67616d0000b2736bdee14b4a54781336e9ea07,64PtbjIQSwVGqwqOkjcQ0s,Vampire Weekend,0.636,0.749,2,-6.494,1,0.0589,0.0124,0.0431,0.0626,0.822,113.586,audio_features,spotify:track:64PtbjIQSwVGqwqOkjcQ0s,https://api.spotify.com/v1/tracks/64PtbjIQSwVGqwqOkjcQ0s,https://api.spotify.com/v1/audio-analysis/64PtbjIQSwVGqwqOkjcQ0s,232600,4
First Person Shooter (feat. J. Cole),https://i.scdn.co/image/ab67616d0000b2737d384516b23347e92a587ed1,7aqfrAY2p9BUSiupwk3svU,Drake,0.47,0.64,2,-7.779,1,0.32,0.0277,0.0,0.382,0.248,163.92,audio_features,spotify:track:7aqfrAY2p9BUSiupwk3svU,https://api.spotify.com/v1/tracks/7aqfrAY2p9BUSiupwk3svU,https://api.spotify.com/v1/audio-analysis/7aqfrAY2p9BUSiupwk3svU,247444,4
Stress (WWW),https://i.scdn.co/image/ab67616d0000b27314a99b6cf89499f1c4ca200c,6A1f57LykyUCDhbdj4tBcz,Justice,0.431,0.48,10,-6.182,1,0.0358,0.0012,0.00398,0.394,0.0399,126.984,audio_features,spotify:track:6A1f57LykyUCDhbdj4tBcz,https://api.spotify.com/v1/tracks/6A1f57LykyUCDhbdj4tBcz,https://api.spotify.com/v1/audio-analysis/6A1f57LykyUCDhbdj4tBcz,348098,4
The Shoe Fits,https://i.scdn.co/image/ab67616d0000b273e286ee36b4015afa8832356a,2Mph2Rvl5kVg0MYtfV60wZ,Drake,0.354,0.79,4,-6.758,0,0.329,0.291,0.0,0.309,0.652,74.179,audio_features,spotify:track:2Mph2Rvl5kVg0MYtfV60wZ,https://api.spotify.com/v1/tracks/2Mph2Rvl5kVg0MYtfV60wZ,https://api.spotify.com/v1/audio-analysis/2Mph2Rvl5kVg0MYtfV60wZ,374026,4
Pleasure x Newjack x Civilization (WWW),https://i.scdn.co/image/ab67616d0000b27314a99b6cf89499f1c4ca200c,4qjaG01IhHt3ZdO1FVakbs,Justice,0.598,0.692,7,-5.911,1,0.0489,0.00666,0.000258,0.164,0.412,117.034,audio_features,spotify:track:4qjaG01IhHt3ZdO1FVakbs,https://api.spotify.com/v1/tracks/4qjaG01IhHt3ZdO1FVakbs,https://api.spotify.com/v1/audio-analysis/4qjaG01IhHt3ZdO1FVakbs,338491,4
Genesis x Phantom (WWW),https://i.scdn.co/image/ab67616d0000b27314a99b6cf89499f1c4ca200c,7GTZa1773faSYybRdGDIjk,Justice,0.541,0.767,9,-6.836,1,0.12,0.00409,0.605,0.104,0.258,117.056,audio_features,spotify:track:7GTZa1773faSYybRdGDIjk,https://api.spotify.com/v1/tracks/7GTZa1773faSYybRdGDIjk,https://api.spotify.com/v1/audio-analysis/7GTZa1773faSYybRdGDIjk,285097,4
Walcott,https://i.scdn.co/image/ab67616d0000b2737749a08ddab9edbe427e9876,4PnX4VMGqXclzeBvZcyABz,Vampire Weekend,0.398,0.56,5,-5.448,1,0.0312,0.512,0.0151,0.224,0.59,160.71,audio_features,spotify:track:4PnX4VMGqXclzeBvZcyABz,https://api.spotify.com/v1/tracks/4PnX4VMGqXclzeBvZcyABz,https://api.spotify.com/v1/audio-analysis/4PnX4VMGqXclzeBvZcyABz,221600,4
Heaven & Hell,https://i.scdn.co/image/ab67616d0000b2739266fa644911138d6a07a8d8,6mmi0wu2uGDWKeDx4ufLEj,El Michels Affair,0.587,0.598,6,-8.689,1,0.0226,0.00449,0.87,0.12,0.543,78.166,audio_features,spotify:track:6mmi0wu2uGDWKeDx4ufLEj,https://api.spotify.com/v1/tracks/6mmi0wu2uGDWKeDx4ufLEj,https://api.spotify.com/v1/audio-analysis/6mmi0wu2uGDWKeDx4ufLEj,129027,4
Helix - Gesaffelstein Vision Remix,https://i.scdn.co/image/ab67616d0000b273e280675c5eebe09f624411e2,7Crjmkp1INHKL6dY9ofSMe,Justice,0.829,0.516,1,-6.535,1,0.0553,0.00489,0.75,0.064,0.664,116.975,audio_features,spotify:track:7Crjmkp1INHKL6dY9ofSMe,https://api.spotify.com/v1/tracks/7Crjmkp1INHKL6dY9ofSMe,https://api.spotify.com/v1/audio-analysis/7Crjmkp1INHKL6dY9ofSMe,276961,4
LE Djoliba (feat. Cartier William),https://i.scdn.co/image/ab67616d0000b273a29bd588f4caf84bd4cd6f8b,0biLdTuAgLM40pKX4BN3GH,Westside Gunn,0.353,0.633,8,-6.753,0,0.0804,0.212,0.000194,0.687,0.391,149.565,audio_features,spotify:track:0biLdTuAgLM40pKX4BN3GH,https://api.spotify.com/v1/tracks/0biLdTuAgLM40pKX4BN3GH,https://api.spotify.com/v1/audio-analysis/0biLdTuAgLM40pKX4BN3GH,143368,3
Coming Back,https://i.scdn.co/image/ab67616d0000b27377619f14cb03e11baf5761d1,2oZJ4OZOP7DHMdSrpx4fwq,Jungle,0.699,0.889,11,-6.076,1,0.11,0.0149,0.122,0.112,0.856,117.843,audio_features,spotify:track:2oZJ4OZOP7DHMdSrpx4fwq,https://api.spotify.com/v1/tracks/2oZJ4OZOP7DHMdSrpx4fwq,https://api.spotify.com/v1/audio-analysis/2oZJ4OZOP7DHMdSrpx4fwq,201984,4
red sky,https://i.scdn.co/image/ab67616d0000b273bbdceba2bf1867d4966d0347,4yLyVdEqV790aIXyGif85v,21 Savage,0.681,0.621,0,-8.202,0,0.0774,0.178,0.0,0.159,0.395,114.936,audio_features,spotify:track:4yLyVdEqV790aIXyGif85v,https://api.spotify.com/v1/tracks/4yLyVdEqV790aIXyGif85v,https://api.spotify.com/v1/audio-analysis/4yLyVdEqV790aIXyGif85v,176835,4
Daffodils (feat. Kevin Parker),https://i.scdn.co/image/ab67616d0000b273e419ccba0baa8bd3f3d7abf2,1v0ufp7FLTFcykUGOmFZKa,Mark Ronson,0.724,0.538,0,-8.041,1,0.0381,0.0408,0.0139,0.0343,0.282,108.945,audio_features,spotify:track:1v0ufp7FLTFcykUGOmFZKa,https://api.spotify.com/v1/tracks/1v0ufp7FLTFcykUGOmFZKa,https://api.spotify.com/v1/audio-analysis/1v0ufp7FLTFcykUGOmFZKa,298133,4
Titanic Risen,https://i.scdn.co/image/ab67616d0000b273defd2968783f9d721a7f10ec,4yS3DTFX0GPsY8RuksGMK3,Weyes Blood,0.128,0.254,0,-17.688,1,0.0312,0.894,0.573,0.102,0.0649,88.942,audio_features,spotify:track:4yS3DTFX0GPsY8RuksGMK3,https://api.spotify.com/v1/tracks/4yS3DTFX0GPsY8RuksGMK3,https://api.spotify.com/v1/audio-analysis/4yS3DTFX0GPsY8RuksGMK3,268215,1
Silver Soul,https://i.scdn.co/image/ab67616d0000b2739ba6a1b973e91955ab23c50c,2LZ2CNbcbJrwh53pitRgom,Beach House,0.356,0.67,2,-5.825,1,0.0324,0.467,0.000106,0.288,0.117,135.032,audio_features,spotify:track:2LZ2CNbcbJrwh53pitRgom,https://api.spotify.com/v1/tracks/2LZ2CNbcbJrwh53pitRgom,https://api.spotify.com/v1/audio-analysis/2LZ2CNbcbJrwh53pitRgom,298680,4
Dead Living Things,https://i.scdn.co/image/ab67616d0000b2733f268650c100161ca2172fa8,2t0jE47aM5o0qibED5wHSy,Jackson And His Computer Band,0.397,0.6,8,-8.614,1,0.0314,5.93e-05,0.194,0.25,0.26,135.916,audio_features,spotify:track:2t0jE47aM5o0qibED5wHSy,https://api.spotify.com/v1/tracks/2t0jE47aM5o0qibED5wHSy,https://api.spotify.com/v1/audio-analysis/2t0jE47aM5o0qibED5wHSy,285042,4
Murder On The Dancefloor,https://i.scdn.co/image/ab67616d0000b273b736151ed1c04f2d41d5f69e,4tKGFmENO69tZR9ahgZu48,Sophie Ellis-Bextor,0.73,0.849,1,-5.281,0,0.0299,0.00234,2.6e-05,0.312,0.887,117.31,audio_features,spotify:track:4tKGFmENO69tZR9ahgZu48,https://api.spotify.com/v1/tracks/4tKGFmENO69tZR9ahgZu48,https://api.spotify.com/v1/audio-analysis/4tKGFmENO69tZR9ahgZu48,230013,4
Cousins,https://i.scdn.co/image/ab67616d0000b2736bdee14b4a54781336e9ea07,4tFOkEWNXiheSDnURpmGTp,Vampire Weekend,0.497,0.798,11,-5.132,1,0.209,0.00124,0.0,0.0707,0.831,176.112,audio_features,spotify:track:4tFOkEWNXiheSDnURpmGTp,https://api.spotify.com/v1/tracks/4tFOkEWNXiheSDnURpmGTp,https://api.spotify.com/v1/audio-analysis/4tFOkEWNXiheSDnURpmGTp,145267,4
Graze,https://i.scdn.co/image/ab67616d0000b273bf524f370e0e2c6a9fd8e364,4qCl01KlvP8OMrpJNpRDFB,Animal Collective,0.419,0.683,0,-8.966,1,0.0407,0.373,0.00624,0.861,0.144,120.066,audio_features,spotify:track:4qCl01KlvP8OMrpJNpRDFB,https://api.spotify.com/v1/tracks/4qCl01KlvP8OMrpJNpRDFB,https://api.spotify.com/v1/audio-analysis/4qCl01KlvP8OMrpJNpRDFB,322387,4
Gosh,https://i.scdn.co/image/ab67616d0000b2733b104b3cfcf52e380e90254d,79Jl8KMvmnXedTjjW6pJan,Jamie xx,0.752,0.459,10,-12.285,0,0.0692,0.017,0.784,0.0918,0.38,139.45,audio_features,spotify:track:79Jl8KMvmnXedTjjW6pJan,https://api.spotify.com/v1/tracks/79Jl8KMvmnXedTjjW6pJan,https://api.spotify.com/v1/audio-analysis/79Jl8KMvmnXedTjjW6pJan,291019,4
Be Above It,https://i.scdn.co/image/ab67616d0000b273370c12f82872c9cfaee80193,2Gl1Qdx5Px5kVYe0PQoGI0,Tame Impala,0.746,0.976,4,-6.073,0,0.0682,0.367,0.274,0.111,0.384,118.965,audio_features,spotify:track:2Gl1Qdx5Px5kVYe0PQoGI0,https://api.spotify.com/v1/tracks/2Gl1Qdx5Px5kVYe0PQoGI0,https://api.spotify.com/v1/audio-analysis/2Gl1Qdx5Px5kVYe0PQoGI0,201960,4
Pioneer Skies,https://i.scdn.co/image/ab67616d0000b273a84e1d8c3a99de8e2e1e6c1a,5QtnIL12NvXCb9FMEEgRnL,The Chemical Brothers,0.219,0.912,2,-4.959,1,0.0902,0.0759,0.67,0.34,0.0535,139.876,audio_features,spotify:track:5QtnIL12NvXCb9FMEEgRnL,https://api.spotify.com/v1/tracks/5QtnIL12NvXCb9FMEEgRnL,https://api.spotify.com/v1/audio-analysis/5QtnIL12NvXCb9FMEEgRnL,244533,4
Rocket Number 9 - Gesaffelstein Remix,https://i.scdn.co/image/ab67616d0000b27372d3966d9c5efe61565cc93c,2UVxQ7Xf18DaBDd571fJG7,Zombie Zombie,0.633,0.458,5,-9.101,0,0.127,0.000162,0.0865,0.0608,0.113,117.006,audio_features,spotify:track:2UVxQ7Xf18DaBDd571fJG7,https://api.spotify.com/v1/tracks/2UVxQ7Xf18DaBDd571fJG7,https://api.spotify.com/v1/audio-analysis/2UVxQ7Xf18DaBDd571fJG7,328994,4
Connect,https://i.scdn.co/image/ab67616d0000b2731f4e2d002b9d1920339a5109,3Oko2TgOzXPLlE2dbbsNKV,Vampire Weekend,0.401,0.661,10,-7.394,1,0.11,0.285,0.105,0.348,0.419,164.965,audio_features,spotify:track:3Oko2TgOzXPLlE2dbbsNKV,https://api.spotify.com/v1/tracks/3Oko2TgOzXPLlE2dbbsNKV,https://api.spotify.com/v1/audio-analysis/3Oko2TgOzXPLlE2dbbsNKV,310067,4
Tender,https://i.scdn.co/image/ab67616d0000b27394983882a5effd77742a9f52,42cxPm9jgbaxIVN77XA1m6,Blur,0.587,0.566,9,-9.932,1,0.0276,0.469,0.0,0.0644,0.528,76.055,audio_features,spotify:track:42cxPm9jgbaxIVN77XA1m6,https://api.spotify.com/v1/tracks/42cxPm9jgbaxIVN77XA1m6,https://api.spotify.com/v1/audio-analysis/42cxPm9jgbaxIVN77XA1m6,461947,4
Robert,https://i.scdn.co/image/ab67616d0000b27327a4be36e64eab051219ffbd,5y6eQbmPbxUIHFmUbWSCtj,Jockstrap,0.722,0.571,10,-7.658,1,0.301,0.0134,0.00059,0.119,0.428,88.007,audio_features,spotify:track:5y6eQbmPbxUIHFmUbWSCtj,https://api.spotify.com/v1/tracks/5y6eQbmPbxUIHFmUbWSCtj,https://api.spotify.com/v1/audio-analysis/5y6eQbmPbxUIHFmUbWSCtj,209867,4
Synrise - Soulwax Remix,https://i.scdn.co/image/ab67616d0000b27309334dd03935adc316f635e0,7CBfP01G2qOB9GFWAN7ocL,GOOSE,0.623,0.904,2,-4.712,1,0.0446,0.13,0.912,0.107,0.1,130.007,audio_features,spotify:track:7CBfP01G2qOB9GFWAN7ocL,https://api.spotify.com/v1/tracks/7CBfP01G2qOB9GFWAN7ocL,https://api.spotify.com/v1/audio-analysis/7CBfP01G2qOB9GFWAN7ocL,222270,4
Dumb Love,https://i.scdn.co/image/ab67616d0000b273374803ddd167e8493884ab05,2Al2n6ziP5XjIMZEL4laQj,NEIL FRANCES,0.736,0.872,5,-5.03,0,0.0558,0.211,0.0606,0.287,0.689,118.014,audio_features,spotify:track:2Al2n6ziP5XjIMZEL4laQj,https://api.spotify.com/v1/tracks/2Al2n6ziP5XjIMZEL4laQj,https://api.spotify.com/v1/audio-analysis/2Al2n6ziP5XjIMZEL4laQj,282729,4
Let There Be Lite - Live Version,https://i.scdn.co/image/ab67616d0000b273609c6159deccae5151b7dafa,1SRTIVBziMO3LpN55WKhXh,Justice,0.515,0.998,1,-2.189,1,0.156,0.0662,0.521,0.521,0.154,127.74,audio_features,spotify:track:1SRTIVBziMO3LpN55WKhXh,https://api.spotify.com/v1/tracks/1SRTIVBziMO3LpN55WKhXh,https://api.spotify.com/v1/audio-analysis/1SRTIVBziMO3LpN55WKhXh,205507,4
Big Blue,https://i.scdn.co/image/ab67616d0000b273a2b1d3e73c66663c01351bcf,3VORkvig6GJheAu4x3I3oC,Vampire Weekend,0.691,0.306,7,-9.65,1,0.0631,0.818,0.00798,0.0992,0.413,149.965,audio_features,spotify:track:3VORkvig6GJheAu4x3I3oC,https://api.spotify.com/v1/tracks/3VORkvig6GJheAu4x3I3oC,https://api.spotify.com/v1/audio-analysis/3VORkvig6GJheAu4x3I3oC,108573,5
Subways,https://i.scdn.co/image/ab67616d0000b27383cd9f1352bc315536480be6,1ZxakFiRaOFj6CDarCxozU,The Avalanches,0.485,0.874,5,-6.821,0,0.0827,0.181,0.0166,0.651,0.528,111.74,audio_features,spotify:track:1ZxakFiRaOFj6CDarCxozU,https://api.spotify.com/v1/tracks/1ZxakFiRaOFj6CDarCxozU,https://api.spotify.com/v1/audio-analysis/1ZxakFiRaOFj6CDarCxozU,190907,3
Two Weeks,https://i.scdn.co/image/ab67616d0000b273aaa83532a319c37f1fb4180c,04uR2cdkgiaLIzebPcs25m,Grizzly Bear,0.526,0.723,5,-5.59,1,0.0294,0.3,0.00698,0.058,0.744,159.685,audio_features,spotify:track:04uR2cdkgiaLIzebPcs25m,https://api.spotify.com/v1/tracks/04uR2cdkgiaLIzebPcs25m,https://api.spotify.com/v1/audio-analysis/04uR2cdkgiaLIzebPcs25m,246213,4
Everything In Its Right Place,https://i.scdn.co/image/ab67616d0000b2736c7112082b63beefffe40151,2kRFrWaLWiKq48YYVdGcm8,Radiohead,0.296,0.463,5,-11.412,0,0.0449,0.705,0.0482,0.0954,0.0629,123.943,audio_features,spotify:track:2kRFrWaLWiKq48YYVdGcm8,https://api.spotify.com/v1/tracks/2kRFrWaLWiKq48YYVdGcm8,https://api.spotify.com/v1/audio-analysis/2kRFrWaLWiKq48YYVdGcm8,251427,5
10AM/Save The World (feat. Gucci Mane),https://i.scdn.co/image/ab67616d0000b2732887f8c05b5a9f1cb105be29,00KjOnN3U40e3lXFUOue7h,Metro Boomin,0.719,0.501,8,-8.84,0,0.239,0.257,0.0,0.189,0.419,136.025,audio_features,spotify:track:00KjOnN3U40e3lXFUOue7h,https://api.spotify.com/v1/tracks/00KjOnN3U40e3lXFUOue7h,https://api.spotify.com/v1/audio-analysis/00KjOnN3U40e3lXFUOue7h,226320,4
The Party,https://i.scdn.co/image/ab67616d0000b2731c0bcf8b536295438d26c70d,1z4835vzYgbtb26uRWpGhq,Justice,0.661,0.847,11,-7.343,1,0.0714,0.314,0.00473,0.806,0.455,119.99,audio_features,spotify:track:1z4835vzYgbtb26uRWpGhq,https://api.spotify.com/v1/tracks/1z4835vzYgbtb26uRWpGhq,https://api.spotify.com/v1/audio-analysis/1z4835vzYgbtb26uRWpGhq,243427,4
Yeah Right,https://i.scdn.co/image/ab67616d0000b27309e156b713cb9c4ae2f0e57c,661sHQm4m23eNk5ET2H3ko,Toro y Moi,0.38,0.601,6,-5.991,0,0.0301,0.181,0.502,0.0845,0.209,148.675,audio_features,spotify:track:661sHQm4m23eNk5ET2H3ko,https://api.spotify.com/v1/tracks/661sHQm4m23eNk5ET2H3ko,https://api.spotify.com/v1/audio-analysis/661sHQm4m23eNk5ET2H3ko,371770,4
"Fantasy in F minor, D. 940 (Op.103) for piano duet: Allegro molto moderato - Largo - Allegro vivace - Tempo I",https://i.scdn.co/image/ab67616d0000b27375c2ce01e8d4cac66d0a4ed8,7x6BnpJa7W53cIPQUABAe2,Franz Schubert,0.397,0.0833,1,-23.634,1,0.0374,0.993,0.887,0.092,0.131,107.872,audio_features,spotify:track:7x6BnpJa7W53cIPQUABAe2,https://api.spotify.com/v1/tracks/7x6BnpJa7W53cIPQUABAe2,https://api.spotify.com/v1/audio-analysis/7x6BnpJa7W53cIPQUABAe2,1148827,4
